{
  "QQQ": {
    "close": 725.1699829101562,
    "chg": -1.5249920059198463,
    "sma20": 722.2079223632812,
    "sma50": 707.1339331054687,
    "rsi": 59.173661246749894,
    "atr": 17.273561071660872,
    "regime": "BULL",
    "structure": "HH/HL (BULL)",
    "vol": 40258000,
    "avg_vol": 53779970
  },
  "SPY": {
    "close": 745.760009765625,
    "chg": -0.13525044380584353,
    "sma20": 740.4985168457031,
    "sma50": 735.0607983398437,
    "rsi": 62.39854502207426,
    "atr": 10.869564216658157,
    "regime": "BULL",
    "structure": "HH/HL (BULL)",
    "vol": 46886600,
    "avg_vol": 64329490
  },
  "IWM": {
    "close": 299.32000732421875,
    "chg": -0.376104122782943,
    "sma20": 292.51415557861327,
    "sma50": 285.6099090576172,
    "rsi": 74.13830626848363,
    "atr": 5.322912801234687,
    "regime": "BULL",
    "structure": "HH/HL (BULL)",
    "vol": 20580600,
    "avg_vol": 30396790
  },
  "^VIX": {
    "close": 16.690000534057617,
    "chg": 0.6027750485229948,
    "sma20": 18.128500080108644,
    "sma50": 17.64,
    "rsi": 40.45801516613523,
    "atr": 1.8999999591282435,
    "regime": "BEAR",
    "structure": "LH/LL (BEAR)",
    "vol": 0,
    "avg_vol": 0
  }
}